[
    {
        "id": 1,
        "fileName": "logo-dark.svg",
        "filetype": "Media",
        "fileItem": "01",
        "fileSize": "1.3 MB",
        "date": "24 May, 2023",
        "starred": false
    },
    {
        "id": 2,
        "fileName": "velzon-invoice.pdf",
        "filetype": "Documents",
        "fileItem": "01",
        "fileSize": "1.1 MB",
        "date": "05 May, 2023",
        "starred": true
    },
    {
        "id": 3,
        "fileName": "Velzon React",
        "filetype": "Media",
        "fileItem": "367",
        "fileSize": "934 MB",
        "date": "28 Apr, 2023",
        "starred": false
    },
    {
        "id": 4,
        "fileName": "html.docx",
        "filetype": "Documents",
        "fileItem": "01",
        "fileSize": "0.3 KB",
        "date": "19 Apr, 2023",
        "starred": false
    },
    {
        "id": 5,
        "fileName": "default.jpg",
        "filetype": "Media",
        "fileItem": "01",
        "fileSize": "1.7 MB",
        "date": "06 Apr, 2023",
        "starred": true
    }
]
