[
    {
        "id": "1",
        "tasks_name": "Error message when placing an orders?",
        "client_name": "Alyssa Hendricks",
        "assignedto": "Pearl Velazquez",
        "create_date": "2023-01-02",
        "due_date": "2023-01-05",
        "priority": "High",
        "status": "Inprogress"
    },
    {
        "id": "2",
        "tasks_name": "Issue with finding information about order ?",
        "client_name": "Azalia Vincent",
        "assignedto": "Kaseem Logan",
        "create_date": "2012-01-05",
        "due_date": "2023-01-12",
        "priority": "Low",
        "status": "Open"
    },
    {
        "id": "3",
        "tasks_name": "Apologize for shopping Error!",
        "client_name": "Chaim Mcbride",
        "assignedto": "Breanna Drake",
        "create_date": "2012-01-06",
        "due_date": "2023-01-11",
        "priority": "High",
        "status": "New"
    },
    {
        "id": "4",
        "tasks_name": "Post launch reminder/ post list",
        "client_name": "Cameron Mejia",
        "assignedto": "Rowan Casey",
        "create_date": "2012-01-06",
        "due_date": "2023-01-13",
        "priority": "Medium",
        "status": "Open"
    },
    {
        "id": "5",
        "tasks_name": "Make a creating an account profile",
        "client_name": "Xavier Monroe",
        "assignedto": "Tyrone Higgins",
        "create_date": "2012-01-07",
        "due_date": "2023-01-12",
        "priority": "High",
        "status": "Closed"
    },
    {
        "id": "6",
        "tasks_name": "Change email option process",
        "client_name": "Marshall Melendez",
        "assignedto": "Baker Munoz",
        "create_date": "2012-01-07",
        "due_date": "2023-01-17",
        "priority": "Low",
        "status": "Inprogress"
    },
    {
        "id": "7",
        "tasks_name": "User research",
        "client_name": "Ivory Bush",
        "assignedto": "Sean Daniel",
        "create_date": "2012-01-07",
        "due_date": "2023-01-17",
        "priority": "Low",
        "status": "Open"
    },
    {
        "id": "8",
        "tasks_name": "Benner design for FB & Twitter",
        "client_name": "Lars Stone",
        "assignedto": "Kalia Martinez",
        "create_date": "2012-01-13",
        "due_date": "2023-01-20",
        "priority": "Medium",
        "status": "Closed"
    },
    {
        "id": "9",
        "tasks_name": "Brand logo design",
        "client_name": "Nell Ayers",
        "assignedto": "Forrest Ellis",
        "create_date": "2012-01-17",
        "due_date": "2023-01-24",
        "priority": "Medium",
        "status": "Inprogress"
    },
    {
        "id": "10",
        "tasks_name": "Additional Calendar",
        "client_name": "Lucian Griffith",
        "assignedto": "Chase Osborne",
        "create_date": "2012-01-18",
        "due_date": "2023-01-23",
        "priority": "High",
        "status": "Inprogress"
    },
    {
        "id": "11",
        "tasks_name": "Edit customer testimonial",
        "client_name": "Nell Potter",
        "assignedto": "Cathleen Rivas",
        "create_date": "2012-01-22",
        "due_date": "2023-02-02",
        "priority": "Low",
        "status": "Closed"
    },
    {
        "id": "12",
        "tasks_name": "Additional Calendar",
        "client_name": "Lucian Griffith",
        "assignedto": "Chase Osborne",
        "create_date": "2012-01-24",
        "due_date": "2023-01-29",
        "priority": "High",
        "status": "Inprogress"
    },
    {
        "id": "13",
        "tasks_name": "Edit customer testimonial",
        "client_name": "Nell Potter",
        "assignedto": "Cathleen Rivas",
        "create_date": "2012-01-29",
        "due_date": "2023-02-02",
        "priority": "Low",
        "status": "Closed"
    }
]
